Model,gamma_median,MSE_at_median,Interval_at_median,best_gamma,best_MSE
MLKM,0.16210545879186197,0.09720199861469439,1.123275267070409,1.0,0.00017371209105476737
ResKernelNet,0.16210545879186197,0.21269212275062951,1.8660876686820076,1.0,0.00023478888033423573
