Method,Train MSE,Test MSE,Time (s),CPU Peak (MB)
DNN,0.03597201406955719,0.037549201399087906,28.762874126434326,0.8125
ResNet,0.040306456387043,0.042168211191892624,31.915919065475464,0.6875
MLKM,0.03176369145512581,0.03215625137090683,39.434545278549194,0.734375
ResKernelNet,0.031115731224417686,0.030829420313239098,36.988080978393555,0.671875
DKL,0.028163785114884377,0.028863826766610146,299.61265206336975,0.6875
DGP,0.029178854078054428,0.028696158900856972,2079.457415819168,1.203125
