Method,Train MSE,Test MSE,Time (s),CPU Peak (MB)
DNN,0.13212116062641144,0.13069100677967072,13.887712001800537,0.2587623596191406
ResNet,0.12037966400384903,0.12334088236093521,15.716437101364136,0.26427364349365234
MLKM,0.12656372785568237,0.12423040717840195,10.938496112823486,0.2548179626464844
ResKernelNet,0.1258593052625656,0.12440526485443115,13.701025009155273,0.2571096420288086
DKL,0.11139118671417236,0.11367680132389069,117.80758762359619,0.84375
DGP,0.11775610595941544,0.11546767503023148,961.2555222511292,1.25
